{
  "morevillagers:root": {
    "criteria": {
      "always": "2024-07-05 18:53:09 +0000"
    },
    "done": true
  },
  "minecraft:recipes/decorations/crafting_table": {
    "criteria": {
      "unlock_right_away": "2024-07-05 18:53:09 +0000"
    },
    "done": true
  },
  "bakery:main/root": {
    "criteria": {
      "seeds": "2024-07-05 18:53:09 +0000"
    },
    "done": true
  },
  "vinery:main/root": {
    "criteria": {
      "seeds": "2024-07-05 18:53:09 +0000"
    },
    "done": true
  },
  "farmersdelight:main/root": {
    "criteria": {
      "seeds": "2024-07-05 18:53:09 +0000"
    },
    "done": true
  },
  "brewery:main/root": {
    "criteria": {
      "seeds": "2024-07-05 18:53:09 +0000"
    },
    "done": true
  },
  "minecraft:adventure/adventuring_time": {
    "criteria": {
      "minecraft:taiga": "2024-07-05 19:38:31 +0000",
      "minecraft:cherry_grove": "2024-07-05 19:07:13 +0000",
      "minecraft:forest": "2024-07-05 19:09:01 +0000",
      "minecraft:ocean": "2024-07-05 18:53:10 +0000",
      "minecraft:plains": "2024-07-05 19:07:45 +0000"
    },
    "done": false
  },
  "minecraft:recipes/transportation/cherry_boat": {
    "criteria": {
      "in_water": "2024-07-05 18:53:31 +0000"
    },
    "done": true
  },
  "minecraft:recipes/transportation/bamboo_raft": {
    "criteria": {
      "in_water": "2024-07-05 18:53:31 +0000"
    },
    "done": true
  },
  "minecraft:recipes/transportation/acacia_boat": {
    "criteria": {
      "in_water": "2024-07-05 18:53:31 +0000"
    },
    "done": true
  },
  "minecraft:recipes/transportation/jungle_boat": {
    "criteria": {
      "in_water": "2024-07-05 18:53:31 +0000"
    },
    "done": true
  },
  "minecraft:recipes/transportation/spruce_boat": {
    "criteria": {
      "in_water": "2024-07-05 18:53:31 +0000"
    },
    "done": true
  },
  "minecraft:recipes/transportation/birch_boat": {
    "criteria": {
      "in_water": "2024-07-05 18:53:31 +0000"
    },
    "done": true
  },
  "minecraft:recipes/transportation/oak_boat": {
    "criteria": {
      "in_water": "2024-07-05 18:53:31 +0000"
    },
    "done": true
  },
  "minecraft:recipes/transportation/mangrove_boat": {
    "criteria": {
      "in_water": "2024-07-05 18:53:31 +0000"
    },
    "done": true
  },
  "minecraft:recipes/transportation/dark_oak_boat": {
    "criteria": {
      "in_water": "2024-07-05 18:53:31 +0000"
    },
    "done": true
  },
  "minecraft:adventure/root": {
    "criteria": {
      "killed_something": "2024-07-05 19:05:07 +0000"
    },
    "done": true
  },
  "alexscaves:alexscaves/root": {
    "criteria": {
      "underground_cabin": "2024-07-05 19:10:56 +0000"
    },
    "done": true
  },
  "alexscaves:alexscaves/cave_tablet": {
    "criteria": {
      "cave_tablet": "2024-07-05 19:11:05 +0000"
    },
    "done": true
  },
  "minecraft:recipes/misc/charcoal": {
    "criteria": {
      "has_log": "2024-07-05 19:16:14 +0000"
    },
    "done": true
  },
  "minecraft:recipes/building_blocks/oak_planks": {
    "criteria": {
      "has_logs": "2024-07-05 19:16:14 +0000"
    },
    "done": true
  },
  "securitycraft:recipes/misc/sc_manual": {
    "criteria": {
      "has_wood": "2024-07-05 19:16:14 +0000"
    },
    "done": true
  },
  "minecraft:recipes/building_blocks/oak_wood": {
    "criteria": {
      "has_log": "2024-07-05 19:16:14 +0000"
    },
    "done": true
  },
  "vinery:recipes/stackable_log": {
    "criteria": {
      "has_oak_log": "2024-07-05 19:16:14 +0000"
    },
    "done": true
  },
  "vinery:recipes/grapevine_stem": {
    "criteria": {
      "has_oak_log": "2024-07-05 19:16:14 +0000"
    },
    "done": true
  },
  "mcwdoors:recipes/oak": {
    "criteria": {
      "has_wood": "2024-07-05 19:16:14 +0000"
    },
    "done": true
  },
  "framedblocks:recipes/building_blocks/framed_trapdoor": {
    "criteria": {
      "hasFramedSlab": "2024-07-05 19:16:24 +0000"
    },
    "done": true
  },
  "framedblocks:recipes/building_blocks/framed_floor_board": {
    "criteria": {
      "hasFramedSlab": "2024-07-05 19:16:24 +0000"
    },
    "done": true
  },
  "framedblocks:recipes/building_blocks/framed_slab_corner": {
    "criteria": {
      "hasFramedSlab": "2024-07-05 19:16:24 +0000"
    },
    "done": true
  },
  "framedblocks:recipes/building_blocks/framed_sloped_stairs": {
    "criteria": {
      "hasFramedSlab": "2024-07-05 19:16:24 +0000"
    },
    "done": true
  },
  "framedblocks:recipes/building_blocks/framed_slab_edge": {
    "criteria": {
      "hasFramedSlab": "2024-07-05 19:16:24 +0000"
    },
    "done": true
  },
  "framedblocks:recipes/building_blocks/framed_slab_rotate_to_framed_panel": {
    "criteria": {
      "hasFramedSlab": "2024-07-05 19:16:24 +0000"
    },
    "done": true
  },
  "framedblocks:recipes/building_blocks/framed_centered_slab": {
    "criteria": {
      "hasFramedSlab": "2024-07-05 19:16:24 +0000"
    },
    "done": true
  },
  "framedblocks:recipes/building_blocks/framed_sliced_stairs_slab": {
    "criteria": {
      "hasFramedSlab": "2024-07-05 19:16:24 +0000"
    },
    "done": true
  },
  "framedblocks:recipes/building_blocks/framed_double_stairs": {
    "criteria": {
      "hasFramedStairs": "2024-07-05 19:16:28 +0000"
    },
    "done": true
  },
  "framedblocks:recipes/building_blocks/framed_stairs_rotate_to_framed_vertical_stairs": {
    "criteria": {
      "hasFramedStairs": "2024-07-05 19:16:28 +0000"
    },
    "done": true
  },
  "framedblocks:recipes/building_blocks/framed_half_stairs": {
    "criteria": {
      "hasFramedStairs": "2024-07-05 19:16:28 +0000"
    },
    "done": true
  },
  "framedblocks:recipes/building_blocks/framed_vertical_sloped_stairs": {
    "criteria": {
      "hasFramedPanel": "2024-07-05 19:19:32 +0000"
    },
    "done": true
  },
  "framedblocks:recipes/building_blocks/framed_centered_panel": {
    "criteria": {
      "hasFramedPanel": "2024-07-05 19:19:32 +0000"
    },
    "done": true
  },
  "framedblocks:recipes/building_blocks/framed_vertical_sliced_stairs": {
    "criteria": {
      "hasFramedPanel": "2024-07-05 19:19:32 +0000"
    },
    "done": true
  },
  "framedblocks:recipes/building_blocks/framed_panel_rotate_to_framed_slab": {
    "criteria": {
      "hasFramedPanel": "2024-07-05 19:19:32 +0000"
    },
    "done": true
  },
  "framedblocks:recipes/building_blocks/framed_sliced_stairs_panel": {
    "criteria": {
      "hasFramedPanel": "2024-07-05 19:19:32 +0000"
    },
    "done": true
  },
  "framedblocks:recipes/building_blocks/framed_wall_board": {
    "criteria": {
      "hasFramedPanel": "2024-07-05 19:19:32 +0000"
    },
    "done": true
  },
  "minecraft:recipes/building_blocks/stone_brick_stairs": {
    "criteria": {
      "has_stone_bricks": "2024-07-05 19:20:26 +0000"
    },
    "done": true
  },
  "minecraft:recipes/building_blocks/stone_brick_slab": {
    "criteria": {
      "has_stone_bricks": "2024-07-05 19:20:26 +0000"
    },
    "done": true
  },
  "minecraft:recipes/building_blocks/chiseled_stone_bricks_from_stone_bricks_stonecutting": {
    "criteria": {
      "has_stone_bricks": "2024-07-05 19:20:26 +0000"
    },
    "done": true
  },
  "minecraft:recipes/decorations/stone_brick_wall": {
    "criteria": {
      "has_stone_bricks": "2024-07-05 19:20:26 +0000"
    },
    "done": true
  },
  "minecraft:recipes/building_blocks/cracked_stone_bricks": {
    "criteria": {
      "has_stone_bricks": "2024-07-05 19:20:26 +0000"
    },
    "done": true
  },
  "minecraft:recipes/building_blocks/stone_brick_stairs_from_stone_bricks_stonecutting": {
    "criteria": {
      "has_stone_bricks": "2024-07-05 19:20:26 +0000"
    },
    "done": true
  },
  "minecraft:recipes/building_blocks/chiseled_stone_bricks": {
    "criteria": {
      "has_tag": "2024-07-05 19:20:26 +0000"
    },
    "done": true
  },
  "minecraft:recipes/decorations/stone_brick_wall_from_stone_bricks_stonecutting": {
    "criteria": {
      "has_stone_bricks": "2024-07-05 19:20:26 +0000"
    },
    "done": true
  },
  "minecraft:recipes/building_blocks/stone_brick_slab_from_stone_bricks_stonecutting": {
    "criteria": {
      "has_stone_bricks": "2024-07-05 19:20:26 +0000"
    },
    "done": true
  },
  "minecraft:recipes/building_blocks/stone_bricks": {
    "criteria": {
      "has_stone": "2024-07-05 19:20:59 +0000"
    },
    "done": true
  },
  "minecraft:recipes/building_blocks/stone_bricks_from_stone_stonecutting": {
    "criteria": {
      "has_stone": "2024-07-05 19:20:59 +0000"
    },
    "done": true
  },
  "minecraft:recipes/building_blocks/stone_slab": {
    "criteria": {
      "has_stone": "2024-07-05 19:20:59 +0000"
    },
    "done": true
  },
  "minecraft:recipes/decorations/chest": {
    "criteria": {
      "has_lots_of_items": "2024-07-05 19:20:59 +0000"
    },
    "done": true
  },
  "minecraft:recipes/building_blocks/stone_stairs_from_stone_stonecutting": {
    "criteria": {
      "has_stone": "2024-07-05 19:20:59 +0000"
    },
    "done": true
  },
  "minecraft:recipes/redstone/stone_button": {
    "criteria": {
      "has_stone": "2024-07-05 19:20:59 +0000"
    },
    "done": true
  },
  "minecraft:recipes/redstone/stone_pressure_plate": {
    "criteria": {
      "has_stone": "2024-07-05 19:20:59 +0000"
    },
    "done": true
  },
  "knightquest:recipes/misc/silverfish_boots": {
    "criteria": {
      "has_stone": "2024-07-05 19:20:59 +0000"
    },
    "done": true
  },
  "minecraft:recipes/building_blocks/stone_stairs": {
    "criteria": {
      "has_stone": "2024-07-05 19:20:59 +0000"
    },
    "done": true
  },
  "minecraft:recipes/decorations/stonecutter": {
    "criteria": {
      "has_stone": "2024-07-05 19:20:59 +0000"
    },
    "done": true
  },
  "minecraft:recipes/building_blocks/smooth_stone": {
    "criteria": {
      "has_stone": "2024-07-05 19:20:59 +0000"
    },
    "done": true
  },
  "minecraft:recipes/decorations/stone_brick_walls_from_stone_stonecutting": {
    "criteria": {
      "has_stone": "2024-07-05 19:20:59 +0000"
    },
    "done": true
  },
  "knightquest:recipes/misc/silverfish_chestplate": {
    "criteria": {
      "has_stone": "2024-07-05 19:20:59 +0000"
    },
    "done": true
  },
  "minecraft:recipes/building_blocks/stone_brick_slab_from_stone_stonecutting": {
    "criteria": {
      "has_stone": "2024-07-05 19:20:59 +0000"
    },
    "done": true
  },
  "minecraft:recipes/building_blocks/stone_brick_stairs_from_stone_stonecutting": {
    "criteria": {
      "has_stone": "2024-07-05 19:20:59 +0000"
    },
    "done": true
  },
  "minecraft:recipes/building_blocks/stone_slab_from_stone_stonecutting": {
    "criteria": {
      "has_stone": "2024-07-05 19:20:59 +0000"
    },
    "done": true
  },
  "knightquest:recipes/misc/silverfish_leggings": {
    "criteria": {
      "has_stone": "2024-07-05 19:20:59 +0000"
    },
    "done": true
  },
  "minecraft:recipes/building_blocks/chiseled_stone_bricks_stone_from_stonecutting": {
    "criteria": {
      "has_stone": "2024-07-05 19:20:59 +0000"
    },
    "done": true
  },
  "knightquest:recipes/misc/silverfish_helmet": {
    "criteria": {
      "has_stone": "2024-07-05 19:20:59 +0000"
    },
    "done": true
  },
  "morevillagers:first_village": {
    "criteria": {
      "taiga": "2024-07-05 19:39:09 +0000"
    },
    "done": true
  },
  "morevillagers:all_villages": {
    "criteria": {
      "taiga": "2024-07-05 19:39:09 +0000"
    },
    "done": false
  },
  "vinery:recipes/grass_slab": {
    "criteria": {
      "has_grass_block": "2024-07-05 19:40:04 +0000"
    },
    "done": true
  },
  "knightquest:recipes/misc/enderman_helmet": {
    "criteria": {
      "has_grass_block": "2024-07-05 19:40:04 +0000"
    },
    "done": true
  },
  "knightquest:recipes/misc/enderman_leggings": {
    "criteria": {
      "has_grass_block": "2024-07-05 19:40:04 +0000"
    },
    "done": true
  },
  "knightquest:recipes/misc/enderman_boots": {
    "criteria": {
      "has_grass_block": "2024-07-05 19:40:04 +0000"
    },
    "done": true
  },
  "knightquest:recipes/misc/enderman_chestplate": {
    "criteria": {
      "has_grass_block": "2024-07-05 19:40:04 +0000"
    },
    "done": true
  },
  "farmersdelight:recipes/cooking/mushroom_rice": {
    "criteria": {
      "has_any_ingredient": "2024-07-05 19:41:42 +0000"
    },
    "done": true
  },
  "farmersdelight:main/get_fd_seed": {
    "criteria": {
      "rice": "2024-07-05 19:41:42 +0000"
    },
    "done": true
  },
  "jmc:recipes/food/seed_cake_from_cake_oven": {
    "criteria": {
      "has_item": "2024-07-05 19:41:42 +0000"
    },
    "done": true
  },
  "farmersdelight:recipes/cooking/dog_food": {
    "criteria": {
      "has_any_ingredient": "2024-07-05 19:41:42 +0000"
    },
    "done": true
  },
  "farmersdelight:recipes/cooking/cooked_rice": {
    "criteria": {
      "has_rice": "2024-07-05 19:41:42 +0000"
    },
    "done": true
  },
  "farmersdelight:recipes/cooking/fried_rice": {
    "criteria": {
      "has_any_ingredient": "2024-07-05 19:41:42 +0000"
    },
    "done": true
  },
  "farmersdelight:recipes/building_blocks/rice_bag": {
    "criteria": {
      "has_rice": "2024-07-05 19:41:42 +0000"
    },
    "done": true
  },
  "minecraft:husbandry/root": {
    "criteria": {
      "consumed_item": "2024-07-05 19:45:21 +0000"
    },
    "done": true
  },
  "minecraft:recipes/building_blocks/spruce_wood": {
    "criteria": {
      "has_log": "2024-07-05 19:46:26 +0000"
    },
    "done": true
  },
  "minecraft:recipes/building_blocks/spruce_planks": {
    "criteria": {
      "has_logs": "2024-07-05 19:46:26 +0000"
    },
    "done": true
  },
  "mcwdoors:recipes/spruce": {
    "criteria": {
      "has_wood": "2024-07-05 19:46:26 +0000"
    },
    "done": true
  },
  "bakery:recipes/sandwich": {
    "criteria": {
      "has_bread": "2024-07-05 19:46:30 +0000"
    },
    "done": true
  },
  "farmersdelight:recipes/cooking/baked_cod_stew": {
    "criteria": {
      "has_any_ingredient": "2024-07-05 19:46:31 +0000"
    },
    "done": true
  },
  "minecraft:recipes/food/baked_potato_from_campfire_cooking": {
    "criteria": {
      "has_potato": "2024-07-05 19:46:31 +0000"
    },
    "done": true
  },
  "minecraft:recipes/food/baked_potato": {
    "criteria": {
      "has_potato": "2024-07-05 19:46:31 +0000"
    },
    "done": true
  },
  "farmersdelight:recipes/cooking/beef_stew": {
    "criteria": {
      "has_any_ingredient": "2024-07-05 19:46:31 +0000"
    },
    "done": true
  },
  "minecraft:recipes/food/baked_potato_from_smoking": {
    "criteria": {
      "has_potato": "2024-07-05 19:46:31 +0000"
    },
    "done": true
  },
  "knightquest:recipes/misc/kukri_dagger": {
    "criteria": {
      "has_dark_oak_log": "2024-07-05 19:46:43 +0000"
    },
    "done": true
  },
  "knightquest:recipes/misc/kukri": {
    "criteria": {
      "has_dark_oak_log": "2024-07-05 19:46:43 +0000"
    },
    "done": true
  },
  "knightquest:recipes/misc/evoker_boots": {
    "criteria": {
      "has_dark_oak_log": "2024-07-05 19:46:43 +0000"
    },
    "done": true
  },
  "mcwdoors:recipes/dark_oak": {
    "criteria": {
      "has_wood": "2024-07-05 19:46:43 +0000"
    },
    "done": true
  },
  "knightquest:recipes/misc/evoker_chestplate": {
    "criteria": {
      "has_dark_oak_log": "2024-07-05 19:46:43 +0000"
    },
    "done": true
  },
  "knightquest:recipes/misc/evoker_helmet": {
    "criteria": {
      "has_dark_oak_log": "2024-07-05 19:46:43 +0000"
    },
    "done": true
  },
  "minecraft:recipes/building_blocks/dark_oak_planks": {
    "criteria": {
      "has_log": "2024-07-05 19:46:43 +0000"
    },
    "done": true
  },
  "knightquest:recipes/misc/evoker_leggings": {
    "criteria": {
      "has_dark_oak_log": "2024-07-05 19:46:43 +0000"
    },
    "done": true
  },
  "minecraft:recipes/building_blocks/dark_oak_wood": {
    "criteria": {
      "has_log": "2024-07-05 19:46:43 +0000"
    },
    "done": true
  },
  "vinery:recipes/spruce_wine_rack_big": {
    "criteria": {
      "has_spruce_planks": "2024-07-05 19:47:04 +0000"
    },
    "done": true
  },
  "minecraft:recipes/misc/stick": {
    "criteria": {
      "has_planks": "2024-07-05 19:47:04 +0000"
    },
    "done": true
  },
  "vinery:recipes/spruce_wine_rack_small": {
    "criteria": {
      "has_spruce_planks": "2024-07-05 19:47:04 +0000"
    },
    "done": true
  },
  "vinery:recipes/grapevine_pot": {
    "criteria": {
      "has_spruce_planks": "2024-07-05 19:47:04 +0000"
    },
    "done": true
  },
  "minecraft:recipes/decorations/spruce_fence": {
    "criteria": {
      "has_planks": "2024-07-05 19:47:04 +0000"
    },
    "done": true
  },
  "vinery:recipes/dark_cherry_shelf": {
    "criteria": {
      "has_spruce_planks": "2024-07-05 19:47:04 +0000"
    },
    "done": true
  },
  "minecraft:recipes/redstone/spruce_button": {
    "criteria": {
      "has_planks": "2024-07-05 19:47:04 +0000"
    },
    "done": true
  },
  "framedblocks:recipes/building_blocks/framed_cube": {
    "criteria": {
      "hasPlanks": "2024-07-05 19:47:04 +0000"
    },
    "done": true
  },
  "minecraft:recipes/redstone/spruce_pressure_plate": {
    "criteria": {
      "has_planks": "2024-07-05 19:47:04 +0000"
    },
    "done": true
  },
  "minecraft:recipes/decorations/barrel": {
    "criteria": {
      "has_planks": "2024-07-05 19:47:04 +0000"
    },
    "done": true
  },
  "minecraft:recipes/decorations/spruce_sign": {
    "criteria": {
      "has_planks": "2024-07-05 19:47:04 +0000"
    },
    "done": true
  },
  "minecraft:recipes/building_blocks/spruce_slab": {
    "criteria": {
      "has_planks": "2024-07-05 19:47:04 +0000"
    },
    "done": true
  },
  "minecraft:recipes/redstone/spruce_trapdoor": {
    "criteria": {
      "has_planks": "2024-07-05 19:47:04 +0000"
    },
    "done": true
  },
  "minecraft:recipes/redstone/spruce_door": {
    "criteria": {
      "has_planks": "2024-07-05 19:47:04 +0000"
    },
    "done": true
  },
  "minecraft:recipes/redstone/spruce_fence_gate": {
    "criteria": {
      "has_planks": "2024-07-05 19:47:04 +0000"
    },
    "done": true
  },
  "minecraft:recipes/building_blocks/spruce_stairs": {
    "criteria": {
      "has_planks": "2024-07-05 19:47:04 +0000"
    },
    "done": true
  },
  "connectedglass:recipes/misc/borderless_glass_black_pane1": {
    "criteria": {
      "recipe_condition": "2024-07-05 19:47:07 +0000"
    },
    "done": true
  },
  "vinery:recipes/window": {
    "criteria": {
      "has_black_stained_glass_pane": "2024-07-05 19:47:07 +0000"
    },
    "done": true
  },
  "minecraft:recipes/decorations/oak_sign": {
    "criteria": {
      "has_planks": "2024-07-05 19:49:36 +0000"
    },
    "done": true
  },
  "bakery:recipes/cabinet": {
    "criteria": {
      "has_oak_planks": "2024-07-05 19:49:36 +0000"
    },
    "done": true
  },
  "minecraft:recipes/building_blocks/oak_slab": {
    "criteria": {
      "has_planks": "2024-07-05 19:49:36 +0000"
    },
    "done": true
  },
  "bakery:recipes/rolling_pin": {
    "criteria": {
      "has_oak_planks": "2024-07-05 19:49:36 +0000"
    },
    "done": true
  },
  "minecraft:recipes/redstone/oak_fence_gate": {
    "criteria": {
      "has_planks": "2024-07-05 19:49:36 +0000"
    },
    "done": true
  },
  "minecraft:recipes/redstone/oak_door": {
    "criteria": {
      "has_planks": "2024-07-05 19:49:36 +0000"
    },
    "done": true
  },
  "bakery:recipes/wall_cabinet": {
    "criteria": {
      "has_oak_planks": "2024-07-05 19:49:36 +0000"
    },
    "done": true
  },
  "bakery:recipes/chocolate_box": {
    "criteria": {
      "has_oak_planks": "2024-07-05 19:49:36 +0000"
    },
    "done": true
  },
  "minecraft:recipes/redstone/oak_trapdoor": {
    "criteria": {
      "has_planks": "2024-07-05 19:49:36 +0000"
    },
    "done": true
  },
  "minecraft:recipes/building_blocks/oak_stairs": {
    "criteria": {
      "has_planks": "2024-07-05 19:49:36 +0000"
    },
    "done": true
  },
  "minecraft:recipes/decorations/oak_fence": {
    "criteria": {
      "has_planks": "2024-07-05 19:49:36 +0000"
    },
    "done": true
  },
  "bakery:recipes/street_sign": {
    "criteria": {
      "has_oak_planks": "2024-07-05 19:49:36 +0000"
    },
    "done": true
  },
  "bakery:recipes/drawer": {
    "criteria": {
      "has_oak_planks": "2024-07-05 19:49:36 +0000"
    },
    "done": true
  },
  "bakery:recipes/tray": {
    "criteria": {
      "has_oak_planks": "2024-07-05 19:49:36 +0000"
    },
    "done": true
  },
  "minecraft:recipes/redstone/oak_button": {
    "criteria": {
      "has_planks": "2024-07-05 19:49:36 +0000"
    },
    "done": true
  },
  "minecraft:recipes/redstone/oak_pressure_plate": {
    "criteria": {
      "has_planks": "2024-07-05 19:49:36 +0000"
    },
    "done": true
  },
  "vinery:recipes/oak_wine_rack_big": {
    "criteria": {
      "has_oak_planks": "2024-07-05 19:49:36 +0000"
    },
    "done": true
  },
  "vinery:recipes/oak_wine_rack_small": {
    "criteria": {
      "has_oak_planks": "2024-07-05 19:49:36 +0000"
    },
    "done": true
  },
  "bakery:recipes/brick_counter": {
    "criteria": {
      "has_oak_planks": "2024-07-05 19:49:36 +0000"
    },
    "done": true
  },
  "minecraft:recipes/decorations/composter": {
    "criteria": {
      "has_wood_slab": "2024-07-05 19:50:16 +0000"
    },
    "done": true
  },
  "minecraft:story/root": {
    "criteria": {
      "crafting_table": "2024-07-05 19:50:27 +0000"
    },
    "done": true
  },
  "securitycraft:recipes/misc/reinforced_lectern": {
    "criteria": {
      "has_bookshelf": "2024-07-05 19:50:37 +0000"
    },
    "done": true
  },
  "farmersdelight:recipes/decorations/spruce_cabinet": {
    "criteria": {
      "has_spruce_trapdoor": "2024-07-05 19:51:07 +0000"
    },
    "done": true
  },
  "minecraft:story/mine_stone": {
    "criteria": {
      "get_stone": "2024-07-05 19:55:40 +0000"
    },
    "done": true
  },
  "minecraft:recipes/decorations/furnace": {
    "criteria": {
      "has_cobblestone": "2024-07-05 19:55:40 +0000"
    },
    "done": true
  },
  "securitycraft:recipes/building_blocks/reinforced_andesite_with_vanilla_diorite": {
    "criteria": {
      "has_cobblestone": "2024-07-05 19:55:40 +0000"
    },
    "done": true
  },
  "minecraft:recipes/building_blocks/cobblestone_slab_from_cobblestone_stonecutting": {
    "criteria": {
      "has_cobblestone": "2024-07-05 19:55:40 +0000"
    },
    "done": true
  },
  "minecraft:recipes/building_blocks/stone": {
    "criteria": {
      "has_cobblestone": "2024-07-05 19:55:40 +0000"
    },
    "done": true
  },
  "securitycraft:recipes/building_blocks/reinforced_andesite_with_vanilla_cobblestone": {
    "criteria": {
      "has_cobblestone": "2024-07-05 19:55:40 +0000"
    },
    "done": true
  },
  "minecraft:recipes/tools/stone_pickaxe": {
    "criteria": {
      "has_cobblestone": "2024-07-05 19:55:40 +0000"
    },
    "done": true
  },
  "minecraft:recipes/building_blocks/cobblestone_slab": {
    "criteria": {
      "has_cobblestone": "2024-07-05 19:55:40 +0000"
    },
    "done": true
  },
  "minecraft:recipes/decorations/cobblestone_wall_from_cobblestone_stonecutting": {
    "criteria": {
      "has_cobblestone": "2024-07-05 19:55:40 +0000"
    },
    "done": true
  },
  "minecraft:recipes/building_blocks/cobblestone_stairs": {
    "criteria": {
      "has_cobblestone": "2024-07-05 19:55:40 +0000"
    },
    "done": true
  },
  "minecraft:recipes/tools/stone_shovel": {
    "criteria": {
      "has_cobblestone": "2024-07-05 19:55:40 +0000"
    },
    "done": true
  },
  "minecraft:recipes/redstone/lever": {
    "criteria": {
      "has_cobblestone": "2024-07-05 19:55:40 +0000"
    },
    "done": true
  },
  "minecraft:recipes/combat/stone_sword": {
    "criteria": {
      "has_cobblestone": "2024-07-05 19:55:40 +0000"
    },
    "done": true
  },
  "minecraft:recipes/decorations/cobblestone_wall": {
    "criteria": {
      "has_cobblestone": "2024-07-05 19:55:40 +0000"
    },
    "done": true
  },
  "minecraft:recipes/tools/stone_axe": {
    "criteria": {
      "has_cobblestone": "2024-07-05 19:55:40 +0000"
    },
    "done": true
  },
  "securitycraft:recipes/redstone/laser_block": {
    "criteria": {
      "has_stone": "2024-07-05 19:55:40 +0000"
    },
    "done": true
  },
  "securitycraft:recipes/building_blocks/reinforced_andesite": {
    "criteria": {
      "has_cobblestone": "2024-07-05 19:55:40 +0000"
    },
    "done": true
  },
  "securitycraft:recipes/building_blocks/reinforced_diorite": {
    "criteria": {
      "has_cobblestone": "2024-07-05 19:55:40 +0000"
    },
    "done": true
  },
  "minecraft:recipes/building_blocks/cobblestone_stairs_from_cobblestone_stonecutting": {
    "criteria": {
      "has_cobblestone": "2024-07-05 19:55:40 +0000"
    },
    "done": true
  },
  "minecraft:recipes/tools/stone_hoe": {
    "criteria": {
      "has_cobblestone": "2024-07-05 19:55:40 +0000"
    },
    "done": true
  },
  "knightquest:recipes/misc/creeper_boots": {
    "criteria": {
      "has_tnt": "2024-07-05 20:03:27 +0000"
    },
    "done": true
  },
  "knightquest:recipes/misc/creeper_chestplate": {
    "criteria": {
      "has_tnt": "2024-07-05 20:03:27 +0000"
    },
    "done": true
  },
  "knightquest:recipes/misc/creeper_leggings": {
    "criteria": {
      "has_tnt": "2024-07-05 20:03:27 +0000"
    },
    "done": true
  },
  "jmc:recipes/food/tnt_cake_from_cake_oven": {
    "criteria": {
      "has_item": "2024-07-05 20:03:27 +0000"
    },
    "done": true
  },
  "knightquest:recipes/misc/creeper_helmet": {
    "criteria": {
      "has_tnt": "2024-07-05 20:03:27 +0000"
    },
    "done": true
  },
  "knightquest:recipes/misc/bow_chestplate": {
    "criteria": {
      "has_water_bucket": "2024-07-05 20:05:39 +0000"
    },
    "done": true
  },
  "bakery:recipes/butter": {
    "criteria": {
      "has_water_bucket": "2024-07-05 20:05:39 +0000"
    },
    "done": true
  },
  "knightquest:recipes/misc/bow_helmet": {
    "criteria": {
      "has_water_bucket": "2024-07-05 20:05:39 +0000"
    },
    "done": true
  },
  "knightquest:recipes/misc/bow_leggings": {
    "criteria": {
      "has_water_bucket": "2024-07-05 20:05:39 +0000"
    },
    "done": true
  },
  "bakery:recipes/yeast": {
    "criteria": {
      "has_the_recipe": "2024-07-05 20:05:39 +0000"
    },
    "done": true
  },
  "minecraft:recipes/brewing/cauldron": {
    "criteria": {
      "has_water_bucket": "2024-07-05 20:05:39 +0000"
    },
    "done": true
  },
  "knightquest:recipes/misc/bow_boots": {
    "criteria": {
      "has_water_bucket": "2024-07-05 20:05:39 +0000"
    },
    "done": true
  },
  "minecraft:recipes/misc/lime_dye_from_smelting": {
    "criteria": {
      "has_sea_pickle": "2024-07-05 20:07:26 +0000"
    },
    "done": true
  },
  "minecraft:recipes/decorations/soul_torch": {
    "criteria": {
      "has_soul_sand": "2024-07-05 20:08:10 +0000"
    },
    "done": true
  },
  "minecraft:recipes/decorations/soul_campfire": {
    "criteria": {
      "has_soul_sand": "2024-07-05 20:08:10 +0000"
    },
    "done": true
  },
  "minecraft:recipes/food/dried_kelp_from_smoking": {
    "criteria": {
      "has_kelp": "2024-07-05 20:08:48 +0000"
    },
    "done": true
  },
  "minecraft:recipes/food/dried_kelp_from_smelting": {
    "criteria": {
      "has_kelp": "2024-07-05 20:08:48 +0000"
    },
    "done": true
  },
  "minecraft:recipes/food/dried_kelp_from_campfire_cooking": {
    "criteria": {
      "has_kelp": "2024-07-05 20:08:48 +0000"
    },
    "done": true
  },
  "farmersdelight:main/plant_all_crops": {
    "criteria": {
      "kelp": "2024-07-05 20:08:49 +0000"
    },
    "done": false
  },
  "vinery:recipes/flower_box": {
    "criteria": {
      "has_podzol": "2024-07-07 02:06:17 +0000"
    },
    "done": true
  },
  "minecraft:recipes/building_blocks/quartz_slab": {
    "criteria": {
      "has_quartz_pillar": "2024-07-07 02:11:58 +0000"
    },
    "done": true
  },
  "minecraft:recipes/building_blocks/quartz_stairs": {
    "criteria": {
      "has_quartz_pillar": "2024-07-07 02:11:58 +0000"
    },
    "done": true
  },
  "minecraft:recipes/building_blocks/quartz_pillar": {
    "criteria": {
      "has_quartz_pillar": "2024-07-07 02:11:58 +0000"
    },
    "done": true
  },
  "minecraft:recipes/building_blocks/chiseled_quartz_block": {
    "criteria": {
      "has_quartz_pillar": "2024-07-07 02:11:58 +0000"
    },
    "done": true
  },
  "minecraft:recipes/building_blocks/andesite_stairs": {
    "criteria": {
      "has_andesite": "2024-07-07 02:13:30 +0000"
    },
    "done": true
  },
  "minecraft:recipes/building_blocks/polished_andesite_from_andesite_stonecutting": {
    "criteria": {
      "has_andesite": "2024-07-07 02:13:30 +0000"
    },
    "done": true
  },
  "minecraft:recipes/building_blocks/polished_andesite_stairs_from_andesite_stonecutting": {
    "criteria": {
      "has_andesite": "2024-07-07 02:13:30 +0000"
    },
    "done": true
  },
  "minecraft:recipes/decorations/andesite_wall_from_andesite_stonecutting": {
    "criteria": {
      "has_andesite": "2024-07-07 02:13:30 +0000"
    },
    "done": true
  },
  "minecraft:recipes/building_blocks/polished_andesite_slab_from_andesite_stonecutting": {
    "criteria": {
      "has_andesite": "2024-07-07 02:13:30 +0000"
    },
    "done": true
  },
  "minecraft:recipes/building_blocks/andesite_slab_from_andesite_stonecutting": {
    "criteria": {
      "has_andesite": "2024-07-07 02:13:30 +0000"
    },
    "done": true
  },
  "minecraft:recipes/building_blocks/andesite_stairs_from_andesite_stonecutting": {
    "criteria": {
      "has_andesite": "2024-07-07 02:13:30 +0000"
    },
    "done": true
  },
  "minecraft:recipes/building_blocks/polished_andesite": {
    "criteria": {
      "has_andesite": "2024-07-07 02:13:30 +0000"
    },
    "done": true
  },
  "minecraft:recipes/decorations/andesite_wall": {
    "criteria": {
      "has_andesite": "2024-07-07 02:13:30 +0000"
    },
    "done": true
  },
  "minecraft:recipes/building_blocks/andesite_slab": {
    "criteria": {
      "has_andesite": "2024-07-07 02:13:30 +0000"
    },
    "done": true
  },
  "knightquest:recipes/misc/silver_helmet": {
    "criteria": {
      "has_iron_block": "2024-07-07 02:26:59 +0000"
    },
    "done": true
  },
  "minecraft:recipes/misc/iron_ingot_from_iron_block": {
    "criteria": {
      "has_iron_block": "2024-07-07 02:26:59 +0000"
    },
    "done": true
  },
  "knightquest:recipes/misc/nail_sword": {
    "criteria": {
      "has_iron_block": "2024-07-07 02:26:59 +0000"
    },
    "done": true
  },
  "knightquest:recipes/misc/nail_glaive": {
    "criteria": {
      "has_iron_block": "2024-07-07 02:26:59 +0000"
    },
    "done": true
  },
  "knightquest:recipes/misc/silver_leggings": {
    "criteria": {
      "has_iron_block": "2024-07-07 02:26:59 +0000"
    },
    "done": true
  },
  "knightquest:recipes/misc/silver_chestplate": {
    "criteria": {
      "has_iron_block": "2024-07-07 02:26:59 +0000"
    },
    "done": true
  },
  "minecraft:recipes/decorations/anvil": {
    "criteria": {
      "has_iron_block": "2024-07-07 02:26:59 +0000"
    },
    "done": true
  },
  "knightquest:recipes/misc/silver_boots": {
    "criteria": {
      "has_iron_block": "2024-07-07 02:26:59 +0000"
    },
    "done": true
  },
  "minecraft:nether/create_beacon": {
    "criteria": {
      "beacon": "2024-07-07 02:27:08 +0000"
    },
    "done": true
  },
  "framedblocks:recipes/building_blocks/framed_double_threeway_corner_pillar": {
    "criteria": {
      "hasFramedThreewayCornerPillar": "2024-07-07 02:29:59 +0000"
    },
    "done": true
  },
  "artifacts:amateur_archaeologist": {
    "criteria": {
      "find_artifact": "2024-07-07 02:31:17 +0000"
    },
    "done": true
  },
  "framedblocks:recipes/building_blocks/framed_corner_pillar_from_pillar": {
    "criteria": {
      "hasFramedPillar": "2024-07-07 02:37:40 +0000"
    },
    "done": true
  },
  "vinery:recipes/dirt_slab": {
    "criteria": {
      "has_dirt": "2024-07-07 02:52:47 +0000"
    },
    "done": true
  },
  "minecraft:recipes/decorations/polished_deepslate_wall": {
    "criteria": {
      "has_polished_deepslate": "2024-07-07 03:01:52 +0000"
    },
    "done": true
  },
  "minecraft:recipes/building_blocks/deepslate_bricks": {
    "criteria": {
      "has_polished_deepslate": "2024-07-07 03:01:52 +0000"
    },
    "done": true
  },
  "minecraft:recipes/building_blocks/polished_deepslate_slab": {
    "criteria": {
      "has_polished_deepslate": "2024-07-07 03:01:52 +0000"
    },
    "done": true
  },
  "morevillagers:recipes/decayed_workbench": {
    "criteria": {
      "has_nether_bricks": "2024-07-07 03:01:52 +0000"
    },
    "done": true
  },
  "minecraft:recipes/building_blocks/polished_deepslate_slab_from_polished_deepslate_stonecutting": {
    "criteria": {
      "has_polished_deepslate": "2024-07-07 03:01:52 +0000"
    },
    "done": true
  },
  "minecraft:recipes/building_blocks/chiseled_nether_bricks_from_nether_bricks_stonecutting": {
    "criteria": {
      "has_nether_bricks": "2024-07-07 03:01:52 +0000"
    },
    "done": true
  },
  "minecraft:recipes/decorations/nether_brick_wall_from_nether_bricks_stonecutting": {
    "criteria": {
      "has_nether_bricks": "2024-07-07 03:01:52 +0000"
    },
    "done": true
  },
  "minecraft:recipes/building_blocks/deepslate_tile_slab_from_polished_deepslate_stonecutting": {
    "criteria": {
      "has_polished_deepslate": "2024-07-07 03:01:52 +0000"
    },
    "done": true
  },
  "minecraft:recipes/decorations/deepslate_brick_wall_from_polished_deepslate_stonecutting": {
    "criteria": {
      "has_polished_deepslate": "2024-07-07 03:01:52 +0000"
    },
    "done": true
  },
  "minecraft:recipes/decorations/nether_brick_wall": {
    "criteria": {
      "has_nether_bricks": "2024-07-07 03:01:52 +0000"
    },
    "done": true
  },
  "minecraft:recipes/building_blocks/polished_deepslate_stairs": {
    "criteria": {
      "has_polished_deepslate": "2024-07-07 03:01:52 +0000"
    },
    "done": true
  },
  "minecraft:recipes/building_blocks/deepslate_tile_stairs_from_polished_deepslate_stonecutting": {
    "criteria": {
      "has_polished_deepslate": "2024-07-07 03:01:52 +0000"
    },
    "done": true
  },
  "minecraft:recipes/building_blocks/polished_deepslate_stairs_from_polished_deepslate_stonecutting": {
    "criteria": {
      "has_polished_deepslate": "2024-07-07 03:01:52 +0000"
    },
    "done": true
  },
  "minecraft:recipes/building_blocks/nether_brick_stairs": {
    "criteria": {
      "has_nether_bricks": "2024-07-07 03:01:52 +0000"
    },
    "done": true
  },
  "minecraft:recipes/building_blocks/nether_brick_slab": {
    "criteria": {
      "has_nether_bricks": "2024-07-07 03:01:52 +0000"
    },
    "done": true
  },
  "minecraft:recipes/building_blocks/nether_brick_stairs_from_nether_bricks_stonecutting": {
    "criteria": {
      "has_nether_bricks": "2024-07-07 03:01:52 +0000"
    },
    "done": true
  },
  "minecraft:recipes/building_blocks/deepslate_bricks_from_polished_deepslate_stonecutting": {
    "criteria": {
      "has_polished_deepslate": "2024-07-07 03:01:52 +0000"
    },
    "done": true
  },
  "minecraft:recipes/decorations/deepslate_tile_wall_from_polished_deepslate_stonecutting": {
    "criteria": {
      "has_polished_deepslate": "2024-07-07 03:01:52 +0000"
    },
    "done": true
  },
  "minecraft:recipes/decorations/nether_brick_fence": {
    "criteria": {
      "has_nether_bricks": "2024-07-07 03:01:52 +0000"
    },
    "done": true
  },
  "minecraft:recipes/building_blocks/deepslate_brick_slab_from_polished_deepslate_stonecutting": {
    "criteria": {
      "has_polished_deepslate": "2024-07-07 03:01:52 +0000"
    },
    "done": true
  },
  "minecraft:recipes/building_blocks/cracked_nether_bricks": {
    "criteria": {
      "has_nether_bricks": "2024-07-07 03:01:52 +0000"
    },
    "done": true
  },
  "minecraft:recipes/decorations/polished_deepslate_wall_from_polished_deepslate_stonecutting": {
    "criteria": {
      "has_polished_deepslate": "2024-07-07 03:01:52 +0000"
    },
    "done": true
  },
  "minecraft:recipes/building_blocks/deepslate_tiles_from_polished_deepslate_stonecutting": {
    "criteria": {
      "has_polished_deepslate": "2024-07-07 03:01:52 +0000"
    },
    "done": true
  },
  "minecraft:recipes/building_blocks/nether_brick_slab_from_nether_bricks_stonecutting": {
    "criteria": {
      "has_nether_bricks": "2024-07-07 03:01:52 +0000"
    },
    "done": true
  },
  "minecraft:recipes/building_blocks/deepslate_brick_stairs_from_polished_deepslate_stonecutting": {
    "criteria": {
      "has_polished_deepslate": "2024-07-07 03:01:52 +0000"
    },
    "done": true
  },
  "knightquest:recipes/misc/strawhat_boots": {
    "criteria": {
      "has_white_wool": "2024-07-07 03:09:45 +0000"
    },
    "done": true
  },
  "knightquest:recipes/misc/strawhat_helmet": {
    "criteria": {
      "has_white_wool": "2024-07-07 03:09:45 +0000"
    },
    "done": true
  },
  "minecraft:recipes/decorations/white_bed": {
    "criteria": {
      "has_white_wool": "2024-07-07 03:09:45 +0000"
    },
    "done": true
  },
  "minecraft:recipes/decorations/painting": {
    "criteria": {
      "has_wool": "2024-07-07 03:09:45 +0000"
    },
    "done": true
  },
  "knightquest:recipes/misc/strawhat_leggings": {
    "criteria": {
      "has_white_wool": "2024-07-07 03:09:45 +0000"
    },
    "done": true
  },
  "knightquest:recipes/misc/strawhat_chestplate": {
    "criteria": {
      "has_white_wool": "2024-07-07 03:09:45 +0000"
    },
    "done": true
  },
  "minecraft:recipes/decorations/white_carpet": {
    "criteria": {
      "has_white_wool": "2024-07-07 03:09:45 +0000"
    },
    "done": true
  },
  "minecraft:recipes/decorations/white_banner": {
    "criteria": {
      "has_white_wool": "2024-07-07 03:09:45 +0000"
    },
    "done": true
  },
  "framedblocks:recipes/building_blocks/framed_panel_from_framed_centered_panel": {
    "criteria": {
      "hasFramedCenteredPanel": "2024-07-07 03:17:44 +0000"
    },
    "done": true
  },
  "framedblocks:recipes/building_blocks/framed_centered_panel_rotate_to_framed_centered_slab": {
    "criteria": {
      "hasFramedCenteredPanel": "2024-07-07 03:17:44 +0000"
    },
    "done": true
  },
  "minecraft:recipes/decorations/grindstone": {
    "criteria": {
      "has_stone_slab": "2024-07-07 03:22:02 +0000"
    },
    "done": true
  },
  "minecraft:recipes/misc/gold_ingot_from_gold_block": {
    "criteria": {
      "has_gold_block": "2024-07-07 03:23:33 +0000"
    },
    "done": true
  },
  "framedblocks:recipes/building_blocks/framed_one_way_window": {
    "criteria": {
      "hasFramedCube": "2024-07-07 03:23:37 +0000"
    },
    "done": true
  },
  "framedblocks:recipes/building_blocks/framed_button": {
    "criteria": {
      "hasFramedCube": "2024-07-07 03:23:37 +0000"
    },
    "done": true
  },
  "framedblocks:recipes/building_blocks/framed_stairs": {
    "criteria": {
      "hasFramedCube": "2024-07-07 03:23:37 +0000"
    },
    "done": true
  },
  "framedblocks:recipes/building_blocks/framed_lattice_block": {
    "criteria": {
      "hasFramedCube": "2024-07-07 03:23:37 +0000"
    },
    "done": true
  },
  "framedblocks:recipes/building_blocks/framed_secret_storage": {
    "criteria": {
      "hasFramedCube": "2024-07-07 03:23:37 +0000"
    },
    "done": true
  },
  "framedblocks:recipes/building_blocks/framed_soul_torch": {
    "criteria": {
      "hasFramedCube": "2024-07-07 03:23:37 +0000"
    },
    "done": true
  },
  "framedblocks:recipes/building_blocks/framed_stone_button": {
    "criteria": {
      "hasFramedCube": "2024-07-07 03:23:37 +0000"
    },
    "done": true
  },
  "framedblocks:recipes/building_blocks/framed_vertical_stairs": {
    "criteria": {
      "hasFramedCube": "2024-07-07 03:23:37 +0000"
    },
    "done": true
  },
  "framedblocks:recipes/building_blocks/framed_lever": {
    "criteria": {
      "hasFramedCube": "2024-07-07 03:23:37 +0000"
    },
    "done": true
  },
  "framedblocks:recipes/building_blocks/framed_fancy_rail": {
    "criteria": {
      "hasFramedCube": "2024-07-07 03:23:37 +0000"
    },
    "done": true
  },
  "framedblocks:recipes/building_blocks/framed_fence_gate": {
    "criteria": {
      "hasFramedCube": "2024-07-07 03:23:37 +0000"
    },
    "done": true
  },
  "framedblocks:recipes/building_blocks/framed_chiseled_bookshelf": {
    "criteria": {
      "hasFramedCube": "2024-07-07 03:23:37 +0000"
    },
    "done": true
  },
  "framedblocks:recipes/building_blocks/framed_redstone_torch": {
    "criteria": {
      "hasFramedCube": "2024-07-07 03:23:37 +0000"
    },
    "done": true
  },
  "framedblocks:recipes/building_blocks/framed_door": {
    "criteria": {
      "hasFramedCube": "2024-07-07 03:23:37 +0000"
    },
    "done": true
  },
  "framedblocks:recipes/building_blocks/framed_pane": {
    "criteria": {
      "hasFramedCube": "2024-07-07 03:23:37 +0000"
    },
    "done": true
  },
  "framedblocks:recipes/building_blocks/framed_fence": {
    "criteria": {
      "hasFramedCube": "2024-07-07 03:23:37 +0000"
    },
    "done": true
  },
  "framedblocks:recipes/building_blocks/framed_bouncy_cube": {
    "criteria": {
      "hasFramedCube": "2024-07-07 03:23:37 +0000"
    },
    "done": true
  },
  "framedblocks:recipes/building_blocks/framed_torch": {
    "criteria": {
      "hasFramedCube": "2024-07-07 03:23:37 +0000"
    },
    "done": true
  },
  "framedblocks:recipes/building_blocks/framed_thick_lattice": {
    "criteria": {
      "hasFramedCube": "2024-07-07 03:23:37 +0000"
    },
    "done": true
  },
  "framedblocks:recipes/building_blocks/framed_slope": {
    "criteria": {
      "hasFramedCube": "2024-07-07 03:23:37 +0000"
    },
    "done": true
  },
  "framedblocks:recipes/building_blocks/framed_slab": {
    "criteria": {
      "hasFramedCube": "2024-07-07 03:23:37 +0000"
    },
    "done": true
  },
  "framedblocks:recipes/building_blocks/framed_gold_pressure_plate": {
    "criteria": {
      "hasFramedCube": "2024-07-07 03:23:37 +0000"
    },
    "done": true
  },
  "framedblocks:recipes/tools/framing_saw": {
    "criteria": {
      "hasFramedCube": "2024-07-07 03:23:37 +0000"
    },
    "done": true
  },
  "framedblocks:recipes/building_blocks/framed_obsidian_pressure_plate": {
    "criteria": {
      "hasFramedCube": "2024-07-07 03:23:37 +0000"
    },
    "done": true
  },
  "framedblocks:recipes/building_blocks/framed_bars": {
    "criteria": {
      "hasFramedCube": "2024-07-07 03:23:37 +0000"
    },
    "done": true
  },
  "framedblocks:recipes/building_blocks/framed_fancy_activator_rail": {
    "criteria": {
      "hasFramedCube": "2024-07-07 03:23:37 +0000"
    },
    "done": true
  },
  "framedblocks:recipes/building_blocks/framed_panel": {
    "criteria": {
      "hasFramedCube": "2024-07-07 03:23:37 +0000"
    },
    "done": true
  },
  "framedblocks:recipes/building_blocks/framed_flower_pot": {
    "criteria": {
      "hasFramedCube": "2024-07-07 03:23:37 +0000"
    },
    "done": true
  },
  "framedblocks:recipes/building_blocks/framed_stone_pressure_plate": {
    "criteria": {
      "hasFramedCube": "2024-07-07 03:23:37 +0000"
    },
    "done": true
  },
  "framedblocks:recipes/building_blocks/framed_collapsible_block": {
    "criteria": {
      "hasFramedCube": "2024-07-07 03:23:37 +0000"
    },
    "done": true
  },
  "framedblocks:recipes/building_blocks/framed_chest": {
    "criteria": {
      "hasFramedCube": "2024-07-07 03:23:37 +0000"
    },
    "done": true
  },
  "framedblocks:recipes/misc/framed_reinforcement": {
    "criteria": {
      "hasFramedCube": "2024-07-07 03:23:37 +0000"
    },
    "done": true
  },
  "framedblocks:recipes/tools/framed_hammer": {
    "criteria": {
      "hasFramedCube": "2024-07-07 03:23:37 +0000"
    },
    "done": true
  },
  "framedblocks:recipes/building_blocks/framed_target": {
    "criteria": {
      "hasFramedCube": "2024-07-07 03:23:37 +0000"
    },
    "done": true
  },
  "framedblocks:recipes/building_blocks/framed_ladder": {
    "criteria": {
      "hasFramedCube": "2024-07-07 03:23:37 +0000"
    },
    "done": true
  },
  "framedblocks:recipes/building_blocks/framed_item_frame": {
    "criteria": {
      "hasFramedCube": "2024-07-07 03:23:37 +0000"
    },
    "done": true
  },
  "framedblocks:recipes/tools/framed_screwdriver": {
    "criteria": {
      "hasFramedCube": "2024-07-07 03:23:37 +0000"
    },
    "done": true
  },
  "framedblocks:recipes/building_blocks/framed_pressure_plate": {
    "criteria": {
      "hasFramedCube": "2024-07-07 03:23:37 +0000"
    },
    "done": true
  },
  "framedblocks:recipes/building_blocks/framed_tube": {
    "criteria": {
      "hasFramedCube": "2024-07-07 03:23:37 +0000"
    },
    "done": true
  },
  "framedblocks:recipes/building_blocks/framed_collapsible_copycat_block": {
    "criteria": {
      "hasFramedCube": "2024-07-07 03:23:37 +0000"
    },
    "done": true
  },
  "framedblocks:recipes/building_blocks/framed_sign": {
    "criteria": {
      "hasFramedCube": "2024-07-07 03:23:37 +0000"
    },
    "done": true
  },
  "framedblocks:recipes/building_blocks/framed_corner_pillar": {
    "criteria": {
      "hasFramedCube": "2024-07-07 03:23:37 +0000"
    },
    "done": true
  },
  "framedblocks:recipes/building_blocks/framed_fancy_detector_rail": {
    "criteria": {
      "hasFramedCube": "2024-07-07 03:23:37 +0000"
    },
    "done": true
  },
  "framedblocks:recipes/building_blocks/framed_glowing_cube": {
    "criteria": {
      "hasFramedCube": "2024-07-07 03:23:37 +0000"
    },
    "done": true
  },
  "framedblocks:recipes/building_blocks/framed_fancy_powered_rail": {
    "criteria": {
      "hasFramedCube": "2024-07-07 03:23:37 +0000"
    },
    "done": true
  },
  "framedblocks:recipes/building_blocks/framed_iron_pressure_plate": {
    "criteria": {
      "hasFramedCube": "2024-07-07 03:23:37 +0000"
    },
    "done": true
  },
  "framedblocks:recipes/building_blocks/framed_bookshelf": {
    "criteria": {
      "hasFramedCube": "2024-07-07 03:23:37 +0000"
    },
    "done": true
  },
  "framedblocks:recipes/building_blocks/framed_redstone_block": {
    "criteria": {
      "hasFramedCube": "2024-07-07 03:23:37 +0000"
    },
    "done": true
  },
  "framedblocks:recipes/tools/framed_key": {
    "criteria": {
      "hasFramedCube": "2024-07-07 03:23:37 +0000"
    },
    "done": true
  },
  "framedblocks:recipes/building_blocks/framed_wall": {
    "criteria": {
      "hasFramedCube": "2024-07-07 03:23:37 +0000"
    },
    "done": true
  },
  "framedblocks:recipes/tools/powered_framing_saw": {
    "criteria": {
      "hasFramedCube": "2024-07-07 03:23:37 +0000"
    },
    "done": true
  },
  "framedblocks:recipes/tools/framed_blueprint": {
    "criteria": {
      "hasFramedCube": "2024-07-07 03:23:37 +0000"
    },
    "done": true
  },
  "framedblocks:recipes/building_blocks/framed_hanging_sign": {
    "criteria": {
      "hasFramedCube": "2024-07-07 03:23:37 +0000"
    },
    "done": true
  },
  "framedblocks:recipes/tools/framed_wrench": {
    "criteria": {
      "hasFramedCube": "2024-07-07 03:23:37 +0000"
    },
    "done": true
  },
  "minecraft:recipes/misc/raw_gold": {
    "criteria": {
      "has_raw_gold_block": "2024-07-07 03:24:19 +0000"
    },
    "done": true
  },
  "minecraft:recipes/misc/emerald": {
    "criteria": {
      "has_emerald_block": "2024-07-07 03:25:35 +0000"
    },
    "done": true
  },
  "securitycraft:recipes/building_blocks/reinforced_black_glazed_terracotta": {
    "criteria": {
      "has_item": "2024-07-07 03:28:47 +0000"
    },
    "done": true
  },
  "minecraft:recipes/decorations/black_glazed_terracotta": {
    "criteria": {
      "has_black_terracotta": "2024-07-07 03:28:55 +0000"
    },
    "done": true
  },
  "framedblocks:recipes/building_blocks/framed_iron_trapdoor": {
    "criteria": {
      "hasFramedTrapdoor": "2024-07-07 03:30:18 +0000"
    },
    "done": true
  },
  "securitycraft:recipes/building_blocks/reinforced_mossy_cobblestone_from_vanilla_moss": {
    "criteria": {
      "has_moss": "2024-07-07 03:33:53 +0000"
    },
    "done": true
  },
  "securitycraft:recipes/building_blocks/reinforced_mossy_stone_bricks_from_vanilla_moss": {
    "criteria": {
      "has_moss": "2024-07-07 03:33:53 +0000"
    },
    "done": true
  },
  "minecraft:recipes/building_blocks/mossy_cobblestone_from_moss_block": {
    "criteria": {
      "has_moss_block": "2024-07-07 03:33:53 +0000"
    },
    "done": true
  },
  "minecraft:recipes/decorations/moss_carpet": {
    "criteria": {
      "has_moss_block": "2024-07-07 03:33:53 +0000"
    },
    "done": true
  },
  "minecraft:recipes/building_blocks/mossy_stone_bricks_from_moss_block": {
    "criteria": {
      "has_moss_block": "2024-07-07 03:33:53 +0000"
    },
    "done": true
  },
  "knightquest:recipes/misc/skeleton_chestplate": {
    "criteria": {
      "has_bone_meal": "2024-07-07 03:35:29 +0000"
    },
    "done": true
  },
  "minecraft:recipes/misc/white_dye": {
    "criteria": {
      "has_bone_meal": "2024-07-07 03:35:29 +0000"
    },
    "done": true
  },
  "knightquest:recipes/misc/skeleton_helmet": {
    "criteria": {
      "has_bone_meal": "2024-07-07 03:35:29 +0000"
    },
    "done": true
  },
  "knightquest:recipes/misc/skeleton_leggings": {
    "criteria": {
      "has_bone_meal": "2024-07-07 03:35:29 +0000"
    },
    "done": true
  },
  "knightquest:recipes/misc/spider_helmet": {
    "criteria": {
      "has_bone_meal": "2024-07-07 03:35:29 +0000"
    },
    "done": true
  },
  "minecraft:recipes/building_blocks/bone_block": {
    "criteria": {
      "has_bone_meal": "2024-07-07 03:35:29 +0000"
    },
    "done": true
  },
  "knightquest:recipes/misc/spider_boots": {
    "criteria": {
      "has_bone_meal": "2024-07-07 03:35:29 +0000"
    },
    "done": true
  },
  "knightquest:recipes/misc/skeleton_boots": {
    "criteria": {
      "has_bone_meal": "2024-07-07 03:35:29 +0000"
    },
    "done": true
  },
  "knightquest:recipes/misc/spider_chestplate": {
    "criteria": {
      "has_bone_meal": "2024-07-07 03:35:29 +0000"
    },
    "done": true
  },
  "knightquest:recipes/misc/spider_leggings": {
    "criteria": {
      "has_bone_meal": "2024-07-07 03:35:29 +0000"
    },
    "done": true
  },
  "minecraft:recipes/redstone/redstone_lamp": {
    "criteria": {
      "has_glowstone": "2024-07-07 03:36:22 +0000"
    },
    "done": true
  },
  "jmc:recipes/food/cake_frosting_from_mixing": {
    "criteria": {
      "has_item": "2024-07-07 03:47:02 +0000"
    },
    "done": true
  },
  "farmersdelight:recipes/cooking/glow_berry_custard": {
    "criteria": {
      "has_any_ingredient": "2024-07-07 03:47:02 +0000"
    },
    "done": true
  },
  "farmersdelight:recipes/cooking/hot_cocoa": {
    "criteria": {
      "has_any_ingredient": "2024-07-07 03:47:02 +0000"
    },
    "done": true
  },
  "jmc:recipes/food/cream_cheese_from_mixing": {
    "criteria": {
      "has_item": "2024-07-07 03:47:02 +0000"
    },
    "done": true
  },
  "farmersdelight:recipes/food/milk_bottle": {
    "criteria": {
      "has_milk_bucket": "2024-07-07 03:47:02 +0000"
    },
    "done": true
  },
  "farmersdelight:recipes/cooking/pumpkin_soup": {
    "criteria": {
      "has_any_ingredient": "2024-07-07 03:47:02 +0000"
    },
    "done": true
  },
  "jmc:recipes/food/cupcake_frosting_from_mixing": {
    "criteria": {
      "has_item": "2024-07-07 03:47:02 +0000"
    },
    "done": true
  },
  "morevillagers:first_workstation_get": {
    "criteria": {
      "grindstone": "2024-07-07 03:49:50 +0000"
    },
    "done": true
  },
  "morevillagers:all_workstations_get": {
    "criteria": {
      "barrel": "2024-07-07 04:04:55 +0000",
      "cartographytable": "2024-07-07 19:17:34 +0000",
      "fletchingtable": "2024-07-07 19:17:29 +0000",
      "grindstone": "2024-07-07 03:49:50 +0000",
      "smithingtable": "2024-07-07 19:17:32 +0000"
    },
    "done": false
  },
  "minecraft:recipes/misc/diamond_from_smelting_diamond_ore": {
    "criteria": {
      "has_diamond_ore": "2024-07-07 03:54:04 +0000"
    },
    "done": true
  },
  "minecraft:recipes/misc/diamond_from_blasting_diamond_ore": {
    "criteria": {
      "has_diamond_ore": "2024-07-07 03:54:04 +0000"
    },
    "done": true
  },
  "vinery:recipes/fermentation_barrel": {
    "criteria": {
      "has_barrel": "2024-07-07 04:04:55 +0000"
    },
    "done": true
  },
  "morevillagers:recipes/oceanography_table": {
    "criteria": {
      "has_barrel": "2024-07-07 04:04:55 +0000"
    },
    "done": true
  },
  "brewery:recipes/barrel_main": {
    "criteria": {
      "has_barrel": "2024-07-07 04:04:55 +0000"
    },
    "done": true
  },
  "minecraft:recipes/misc/diamond": {
    "criteria": {
      "has_diamond_block": "2024-07-07 07:46:39 +0000"
    },
    "done": true
  },
  "knightquest:recipes/misc/path_helmet": {
    "criteria": {
      "has_coarse_dirt": "2024-07-07 07:47:47 +0000"
    },
    "done": true
  },
  "knightquest:recipes/misc/path_chestplate": {
    "criteria": {
      "has_coarse_dirt": "2024-07-07 07:47:47 +0000"
    },
    "done": true
  },
  "knightquest:recipes/misc/path_boots": {
    "criteria": {
      "has_coarse_dirt": "2024-07-07 07:47:47 +0000"
    },
    "done": true
  },
  "vinery:recipes/coarse_dirt_slab": {
    "criteria": {
      "has_coarse_dirt": "2024-07-07 07:47:47 +0000"
    },
    "done": true
  },
  "knightquest:recipes/misc/path_leggings": {
    "criteria": {
      "has_coarse_dirt": "2024-07-07 07:47:47 +0000"
    },
    "done": true
  },
  "morevillagers:recipes/gardening_table": {
    "criteria": {
      "has_flower": "2024-07-07 19:00:36 +0000"
    },
    "done": true
  },
  "minecraft:recipes/misc/creeper_banner_pattern": {
    "criteria": {
      "has_creeper_head": "2024-07-07 19:10:35 +0000"
    },
    "done": true
  },
  "knightquest:recipes/misc/skulk_chestplate": {
    "criteria": {
      "has_white_concrete": "2024-07-07 19:13:38 +0000"
    },
    "done": true
  },
  "knightquest:recipes/misc/skulk_helmet": {
    "criteria": {
      "has_white_concrete": "2024-07-07 19:13:38 +0000"
    },
    "done": true
  },
  "knightquest:recipes/misc/skulk_leggings": {
    "criteria": {
      "has_white_concrete": "2024-07-07 19:13:38 +0000"
    },
    "done": true
  },
  "knightquest:recipes/misc/skulk_boots": {
    "criteria": {
      "has_white_concrete": "2024-07-07 19:13:38 +0000"
    },
    "done": true
  },
  "farmersdelight:recipes/decorations/birch_cabinet": {
    "criteria": {
      "has_birch_trapdoor": "2024-07-07 19:18:22 +0000"
    },
    "done": true
  },
  "DataVersion": 3465
}