{"stats":{"minecraft:picked_up":{"minecraft:barrier":1},"minecraft:custom":{"minecraft:jump":90,"minecraft:time_since_rest":24893,"minecraft:damage_dealt":20,"minecraft:damage_taken":4959,"minecraft:leave_game":18,"minecraft:time_since_death":24832,"minecraft:play_time":78395,"minecraft:sprint_one_cm":9968,"minecraft:walk_one_cm":22202,"minecraft:walk_on_water_one_cm":3077,"minecraft:deaths":4,"minecraft:sneak_time":64,"minecraft:total_world_time":78395,"minecraft:walk_under_water_one_cm":17883,"minecraft:fall_one_cm":4618,"minecraft:drop":1,"minecraft:fly_one_cm":72261},"minecraft:used":{"minecraft:polished_andesite_slab":2,"alexsmobs:animal_dictionary":1,"minecraft:barrier":10},"minecraft:dropped":{"minecraft:spruce_button":1}},"DataVersion":3465}