{"stats":{"minecraft:killed":{"alexsmobs:flying_fish":1},"minecraft:custom":{"minecraft:mob_kills":1,"minecraft:leave_game":14,"minecraft:time_since_death":66108,"minecraft:climb_one_cm":921,"minecraft:time_since_rest":67083,"minecraft:sprint_one_cm":91533,"minecraft:damage_taken":1590,"minecraft:walk_one_cm":651229,"minecraft:drop":7,"minecraft:damage_dealt":1845,"minecraft:swim_one_cm":5191,"minecraft:talked_to_villager":2,"minecraft:fly_one_cm":4804165,"minecraft:open_chest":6,"minecraft:crouch_one_cm":14057,"minecraft:play_time":637470,"minecraft:deaths":4,"minecraft:sneak_time":24116,"minecraft:walk_under_water_one_cm":45753,"minecraft:jump":921,"minecraft:walk_on_water_one_cm":24878,"minecraft:total_world_time":637470,"minecraft:fall_one_cm":15470},"minecraft:dropped":{"minecraft:barrier":1,"minecraft:netherite_shovel":1,"artifacts:night_vision_goggles":1,"minecraft:wooden_hoe":2,"minecraft:wooden_shovel":1,"minecraft:pink_petals":1},"minecraft:picked_up":{"minecraft:pink_petals":1,"minecraft:barrier":1,"farmersdelight:rice":10,"minecraft:potato":88,"minecraft:wooden_hoe":2,"minecraft:dirt":11,"minecraft:lantern":40,"brewery:hops_seeds":33,"minecraft:red_carpet":4,"minecraft:wheat_seeds":51,"minecraft:azalea":1,"minecraft:oak_planks":6,"farmersdelight:cabbage_seeds":60,"minecraft:scaffolding":5,"minecraft:stick":1,"minecraft:sweet_berries":44,"minecraft:netherite_shovel":1,"minecraft:sand":3,"minecraft:stone_button":5,"minecraft:white_bed":9,"minecraft:spruce_log":93,"minecraft:spruce_door":10,"minecraft:pumpkin_seeds":54,"some_assembly_required:sandwich":40,"minecraft:spruce_button":1,"minecraft:bread":36,"minecraft:emerald":11,"minecraft:oxeye_daisy":1},"minecraft:mined":{"minecraft:grass_block":1,"minecraft:dirt":10,"minecraft:sand":3},"minecraft:used":{"minecraft:water_bucket":66,"minecraft:dirt_path":2,"framedblocks:framed_slope":74,"framedblocks:framed_slab":32,"minecraft:spruce_slab":7,"minecraft:oak_planks":92,"minecraft:andesite_slab":6,"framedblocks:framed_stairs":16,"minecraft:chest":3,"minecraft:spruce_planks":228,"minecraft:stone":2277,"minecraft:wooden_shovel":1,"minecraft:diamond_block":10,"minecraft:dirt":153,"minecraft:sand":3,"minecraft:spruce_stairs":44,"minecraft:yellow_concrete":6,"minecraft:stone_brick_wall":2,"minecraft:spruce_fence":6,"easy_npc:humanoid_spawn_egg":2,"minecraft:spruce_log":240,"minecraft:oak_fence_gate":1,"minecraft:milk_bucket":1,"securitycraft:reinforced_diamond_block":2,"easy_npc:allay_spawn_egg":2,"minecraft:sea_lantern":30,"framedblocks:framed_threeway_corner_pillar":5,"minecraft:black_concrete":1,"minecraft:netherite_shovel":1,"minecraft:black_stained_glass_pane":2,"minecraft:lantern":4,"minecraft:iron_block":31,"minecraft:grass_block":1005,"minecraft:spruce_button":50,"minecraft:barrier":174,"minecraft:stone_button":4,"minecraft:quartz_block":4,"minecraft:netherite_hoe":1,"minecraft:dark_oak_wood":431,"minecraft:stone_slab":6,"minecraft:spruce_trapdoor":5,"minecraft:stone_bricks":238,"minecraft:pink_petals":387,"minecraft:chiseled_stone_bricks":4,"minecraft:glowstone":77,"minecraft:cobblestone":60,"minecraft:emerald_block":3,"securitycraft:reinforced_gold_block":21,"minecraft:podzol":83,"minecraft:andesite_stairs":15,"minecraft:andesite":12,"torchmaster:megatorch":3,"minecraft:gold_block":41,"minecraft:smooth_stone_slab":80,"minecraft:coarse_dirt":6,"framedblocks:framed_sliced_stairs_panel":5,"minecraft:bone_meal":5,"minecraft:splash_potion":56}},"DataVersion":3465}